web_scraper_order,web_scraper_start_url,data,data2,data3,data4,data5,data6,data7,data8,data9,data10,image,image2,image3,image4,image5,image6,image7,image8,image9
"1774690120-1","https://marketer.modash.io/discovery/instagram?influencer=627215cbe048a11cca1252fb&channel=INSTAGRAM","Abul Kalam ✦ Strategic Brand Designer","189.3k  Followers","1.31%  Engagement rate","@akashkhanddr99","Recent 
collabs","Followers","Engagement rate","Find lookalikes","View profile","Save","https://marketer.modash.io/api/images-proxy/863f3911c4696c61f74ba41ac2e977cbd598544e","https://marketer.modash.io/api/images-proxy/54841947fd344d63319401e13cbcbbb8b4d31f56","https://marketer.modash.io/api/images-proxy/91c53770bf9ad0c064dc7c5563ebb5b985229353","https://marketer.modash.io/api/images-proxy/ae88690400a96559a873b7f1f44f0c3b505624e0","https://marketer.modash.io/api/images-proxy/c583f5fad4dbb71616d4dc1438871b2c5f0addf1","https://images.od.modash.io/d03337ed28c36419ed8471327038321fe9a61cf0","https://images.od.modash.io/07870478153acdf6afe6b722017ed384f08179e4","https://images.od.modash.io/9361b3b8968a2e666d9b6fca93ed2b196f160ecb","https://images.od.modash.io/e19cb704c50caced3bcdc3efc2fa2a5f4e8a498a"
"1774690120-2","https://marketer.modash.io/discovery/instagram?influencer=627215cbe048a11cca1252fb&channel=INSTAGRAM","Gaurav ~ Designer","19.5k  Followers","2.67%  Engagement rate","@garv.svg","Recent 
collabs","Followers","Engagement rate","Find lookalikes","View profile","Save","https://marketer.modash.io/api/images-proxy/c68e0b72e546f9393eb58e11e77fd2201ffc7667","https://marketer.modash.io/api/images-proxy/27fd9aa7e651f42304f9b124188dd8ff2cab06e9","https://marketer.modash.io/api/images-proxy/4ebf037b356dab982348e78d93a268d2183dea80","https://marketer.modash.io/api/images-proxy/a877a275e9cc70dcb7f41bbaf568deb67d9c2bef","https://marketer.modash.io/api/images-proxy/9a1378b20f53aea4a0877e3ae94e303388371c70","https://images.od.modash.io/aade107c2cbbcd7596e5fabe4fbde00367745412","https://images.od.modash.io/128593b12e4191bb0ba421e96b086827eb06f9eb","https://images.od.modash.io/9702fc69387740cbb04180bb032795ac847ebe42","https://images.od.modash.io/99cead0934158afb58b644747a7a953e5e3b3b02"
"1774690120-3","https://marketer.modash.io/discovery/instagram?influencer=627215cbe048a11cca1252fb&channel=INSTAGRAM","Mohamed Hizaam","10.6k  Followers","1.01%  Engagement rate","@designer_hizaam","","Followers","Engagement rate","Find lookalikes","View profile","Save","https://marketer.modash.io/api/images-proxy/5a3f65ae9d5090131ccaa7c3c08ee8ad80dcb29a","https://marketer.modash.io/api/images-proxy/814bc922ab2c19323a9c69215b16e524ec371b08","https://marketer.modash.io/api/images-proxy/647d681dd811f4b8c74210727237e4831f01937b","https://marketer.modash.io/api/images-proxy/a1f25014723ca2c9862a29738d305c215cd9e259","https://marketer.modash.io/api/images-proxy/0462d0f4b3cc98a1acec8457eb272671f3a44d92","","","",""
"1774690120-4","https://marketer.modash.io/discovery/instagram?influencer=627215cbe048a11cca1252fb&channel=INSTAGRAM","Andrews Jebaraj","112.3k  Followers","1.05%  Engagement rate","@andrew_d3signs","Recent 
collabs","Followers","Engagement rate","Find lookalikes","View profile","Save","https://marketer.modash.io/api/images-proxy/f923b4362e9968ebdb34cce6a39f6887d7bfaa54","https://marketer.modash.io/api/images-proxy/315dd822ca9420fbff85c31e842f38138b38e6fe","https://marketer.modash.io/api/images-proxy/b0e1107d7db545a705ec3919853d7b37ca9cfd3f","https://marketer.modash.io/api/images-proxy/05719937ee20e1a984136b775b773d200ed9feed","https://marketer.modash.io/api/images-proxy/70994c5bb599e6318d9efd1b7f7165bc4912221c","","","https://images.od.modash.io/e9cfbb56d2a07aa79d821f74cdd67e5e9c9edd78","https://images.od.modash.io/07870478153acdf6afe6b722017ed384f08179e4"
"1774690120-5","https://marketer.modash.io/discovery/instagram?influencer=627215cbe048a11cca1252fb&channel=INSTAGRAM","Stolen","29.6k  Followers","1.19%  Engagement rate","@stolen.ux","Recent 
collabs","Followers","Engagement rate","Find lookalikes","View profile","Save","https://marketer.modash.io/api/images-proxy/aaab812eae374c4d91d0a70dfcee7cfc74830fc9","https://marketer.modash.io/api/images-proxy/70ae75fc111ff2ad0307f12786458d8b1f9e22bc","https://marketer.modash.io/api/images-proxy/92bfd7e7d880861be087f7748195a93d2b60325e","https://marketer.modash.io/api/images-proxy/eb16847e15fbeabfc1853ec34e918f4405663d67","https://marketer.modash.io/api/images-proxy/0e1530585c5f10bd2340667c5f8d507e36ba8ef0","https://images.od.modash.io/e475e1c2ce90930dac28b18a650138239dcdd567","https://images.od.modash.io/8ec534dd3c7cfa58aa6522627eb974fb9deda1ca","https://images.od.modash.io/4f22793ca9608edcf57b55810e15bfdef8c766c7","https://images.od.modash.io/e2b3e6eeeb8701f2fb161fd696f33a36c7c85ff9"
