web_scraper_order,web_scraper_start_url,data,data2,data3,data4,data5,data6,data7,data8,data9,data10,data11,data12,data13,data14,data15,data16,data17,data18,data19,brand,brand2,brand3,brand4,image,image2,image3,image4,image5,image6,image7
"1774690262-1","https://marketer.modash.io/discovery/instagram","Bharat Apat | Designer","122k  Followers","0.18%  Engagement rate","@apat.bharat","Recent 
collabs","Followers","11.2k","Engagement rate","21.5k","Find lookalikes","10k","View profile","Save","350.9k","22.7k","135","628","181","28","Recent","Recent","Recent","Recent","https://marketer.modash.io/api/images-proxy/f4f08546c2ff78a727fb34548021cfcd8dcb93e6","https://marketer.modash.io/api/images-proxy/3e1e5a7bfd9a7f93be5d92c75a68d1f207b7ed58","https://marketer.modash.io/api/images-proxy/39061d526759797df4efc2e60aa4a582f3989317","https://marketer.modash.io/api/images-proxy/e062c1bb8c556fccae373c40028df3ad874a515c","https://marketer.modash.io/api/images-proxy/d9fe210c0f345cf2cb7c1cc1e5e15db68c5402e9","https://images.od.modash.io/6a2442298d66afd666783b3377b827c23d3c1a31","https://images.od.modash.io/b3a73040b17e3437635adc39e408d5de41c5c65b"
"1774690262-2","https://marketer.modash.io/discovery/instagram","Sushrut ・ Digital Product Designer","42.6k  Followers","1.89%  Engagement rate","@glean_ux","","Followers","849","Engagement rate","1k","Find lookalikes","2.6k","View profile","Save","2k","28","6","11","32","","Recent","Recent","Recent","Recent","https://marketer.modash.io/api/images-proxy/9c2897a565b9c1cb1a9941a039a1dbd8dcfa3efe","https://marketer.modash.io/api/images-proxy/917f8caf599e04480fb03c97eb38a2ed33be1fcc","https://marketer.modash.io/api/images-proxy/fbf2a18f65cff0ff245e493142549e5cc479a43b","https://marketer.modash.io/api/images-proxy/f4c169099bd5b8c7c582075b69af84ae59be26df","https://marketer.modash.io/api/images-proxy/aebe36560a86c60102cc8ceb52510969a365ba76","",""
"1774690262-3","https://marketer.modash.io/discovery/instagram","Sai Teja Aenugu | Dzinr Macha • Experience Designer","62.7k  Followers","1.39%  Engagement rate","@dzinrmacha","Recent 
collabs","Followers","6k","Engagement rate","8.3k","Find lookalikes","6.8k","View profile","Save","7.7k","142","116","208","124","34","Recent","Recent","Recent","Recent","https://marketer.modash.io/api/images-proxy/6dcd9083b4a411fc25166c9750499910a1d76a67","https://marketer.modash.io/api/images-proxy/6b3fed01bb03ff8134a77d67c09b60a2c7381604","https://marketer.modash.io/api/images-proxy/c1b8522782a66add8360f7a9aa7b75d19f389345","https://marketer.modash.io/api/images-proxy/12b60b6c2afafdbaa5ea401f2ca485df02684c44","https://marketer.modash.io/api/images-proxy/bc39d76165305cc1ba3f89757865cb3794c20ba1","https://images.od.modash.io/6249839f4fb7df9c594466079e2261c882fda531","https://images.od.modash.io/463c5148792ddd8dc842c843edffc066194aaa66"
"1774690262-4","https://marketer.modash.io/discovery/instagram","Mayur Chettiar","28.7k  Followers","9.69%  Engagement rate","@sir.creative","Recent 
collabs","Followers","Hidden","Engagement rate","Hidden","Find lookalikes","Hidden","View profile","Save","Hidden","2","","","","","Recent","Recent","Recent","Recent","https://marketer.modash.io/api/images-proxy/a5e763e76279a11ee4617f3175283e9f26f4ada5","https://marketer.modash.io/api/images-proxy/5874c71554608618016ff9092f8907ebc39e9546","https://marketer.modash.io/api/images-proxy/3f9f371a51b91a95beb9efd86deabc36ca5e6960","https://marketer.modash.io/api/images-proxy/127aae8de1cc0fee91f08a617c3ed4920257bc0d","https://marketer.modash.io/api/images-proxy/7b2c01dd77af92595fb40bbdab400cdca8bc4505","","https://images.od.modash.io/2657ffbc0c564fc409b7461ceacb5c076820f568"
"1774690262-5","https://marketer.modash.io/discovery/instagram","Rajeev Mehta","147.4k  Followers","1.6%  Engagement rate","@rajeevmehtain","Recent 
collabs","Followers","1.1k","Engagement rate","53.3k","Find lookalikes","56.1k","View profile","Save","1k","16","24","2.2k","2.3k","57","Recent","Recent","Recent","Recent","https://marketer.modash.io/api/images-proxy/6da160203a4948a074ace455a87e9713ecaf36d1","https://marketer.modash.io/api/images-proxy/d080dedbba261a9afb5aff12d17db793a27fb3c1","https://marketer.modash.io/api/images-proxy/188ad8c767fb40eadf407452bdd3e1b5b7971a71","https://marketer.modash.io/api/images-proxy/99bd906a23a03e748960c0db85a61a8d67d87e67","https://marketer.modash.io/api/images-proxy/f92157fbb004f0ce2021fbffcc99d72799eee46c","https://images.od.modash.io/03187895cf8af67296df8ad19f2a0a844a7856c8","https://images.od.modash.io/300b12f1d706f967a57c7176c9d638adafb88c68"
