web_scraper_order,web_scraper_start_url,data,data2,data3,data4,data5,data6,data7,data8,data9,data10,data11,data12,data13,data14,data15,data16,data17,data18,data19,data20,brand,brand2,brand3,brand4,image,image2,image3,image4,image5,image6,image7,image8,image9
"1774690666-1","https://marketer.modash.io/discovery/instagram","Kushal Ijari","10.6k  Followers","@milestone_trails","","","Followers","Hidden","Hidden","Recent 
collabs","Find lookalikes","Hidden","View profile","1","Save","Hidden","","","","","","Recent","Recent","Recent","Recent","https://marketer.modash.io/api/images-proxy/90eed0422cfac9d02b86b58ff2ce5925b96b07fb","https://marketer.modash.io/api/images-proxy/fde5512595df2df578adce05e6955eec2b72fd9e","https://marketer.modash.io/api/images-proxy/70fc099300c8e27bbee7c483899c42f96df31b86","https://marketer.modash.io/api/images-proxy/7b86bf16744bb821c215c0278914e12dfe9018ce","https://marketer.modash.io/api/images-proxy/0d72ffa070998135b6c6b6ffcb42f43476254c68","https://images.od.modash.io/2e7dbde9ab37fd2eba0ff05e9116890b5d92ef97","https://images.od.modash.io/1894308884ff3ba1757818128358add8f6085723","https://images.od.modash.io/fe54a79f6b6df17e14f01dba00ab6bb97f9851ff","https://images.od.modash.io/9145618d8d293644f0a1bd913da36dda4394cf74"
"1774690666-2","https://marketer.modash.io/discovery/instagram","Abhay Tiwari","10.1k  Followers","@abhay_tiwari87","0.63%  Engagement rate","Engagement rate","Followers","82","88","Recent 
collabs","Find lookalikes","76","View profile","2","Save","90","6","11","10","","","Recent","Recent","Recent","Recent","https://marketer.modash.io/api/images-proxy/6f749d1600e4c89787c80d243d0a9c665526d2d8","https://marketer.modash.io/api/images-proxy/7db7e712a9a7377c3e7fdc3d2cb0bc1f45ab5bee","https://marketer.modash.io/api/images-proxy/4f57526f917e95279fad5f123c577933b31b61f7","https://marketer.modash.io/api/images-proxy/da6c8e53c0da2d2fe3e6a0cd6218e9c9e0e13e07","https://marketer.modash.io/api/images-proxy/f1cfe370a74c008cc53c2e62df2597e797f53d8f","https://images.od.modash.io/e796b73e73569dec334099aca93649276cdc4157","","",""
"1774690666-3","https://marketer.modash.io/discovery/instagram","Sʜʀᴇʏ🌼","21.8k  Followers","@shreya.de_","","","Followers","19.1k","2.3k","Recent 
collabs","Find lookalikes","62.9k","View profile","2.6k","Save","2.6k","1.1k","Hidden","Hidden","13","7","Recent","Recent","Recent","Recent","https://marketer.modash.io/api/images-proxy/3874997109ccd25b8e9f2ad6b56f3ec4694e51c1","https://marketer.modash.io/api/images-proxy/cbef1ba055ff0ca967bf56e32120bacc95f1ddf7","https://marketer.modash.io/api/images-proxy/33ad9dde500bf1eb97ccb20ab89ba5c933a3f502","https://marketer.modash.io/api/images-proxy/082810db392971af682823772a97310c81d9817e","https://marketer.modash.io/api/images-proxy/6f334355d57e997db8adb099c889155fe72e45df","https://images.od.modash.io/86acee7951b21fa374f3e7b8d748934740d4a0bb","https://images.od.modash.io/18dabed7eccdd22c195d147104be1ea162482f10","https://images.od.modash.io/12f2b2975ab870e5a4ae9b425d3ca13d2adf4a30","https://images.od.modash.io/b05dd481ff0e4478780ff6178e1b8ec0bfb12057"
"1774690666-4","https://marketer.modash.io/discovery/instagram","Mohnish Bakerywala","16.6k  Followers","@mohnish_88","0.58%  Engagement rate","Engagement rate","Followers","498","13.1k","Recent 
collabs","Find lookalikes","12.4k","View profile","249","Save","1.4k","42","323","60","1","1","Recent","Recent","Recent","Recent","https://marketer.modash.io/api/images-proxy/07d50994a7209963a07e5077bb3d28256e0e891c","https://marketer.modash.io/api/images-proxy/354d49c59bba5b2179b6477a4dff616ad8e5560b","https://marketer.modash.io/api/images-proxy/643ca4a49bb1f86dca4b1e924daab4f4ee04d341","https://marketer.modash.io/api/images-proxy/2b6046092f80e82bd0f4198e7f57c332f2677111","https://marketer.modash.io/api/images-proxy/3055e07d12fa94da2bdb78a4028b19736d7e9a25","https://images.od.modash.io/b62b52ff0e29de24a06bf70e37b25daf8a97dcc6","https://images.od.modash.io/9ca0f07ae2819058bf0ce2ce7c41fbba37262a18","https://images.od.modash.io/6a4ffcfd3c0f2699bb92bc0d07c18471fade2819","https://images.od.modash.io/063a1faa273ca623091731b7f6eee13ce0ce56b3"
"1774690666-5","https://marketer.modash.io/discovery/instagram","Himanshu Singh Kanwar","20.9k  Followers","@where_is_hammy","0.94%  Engagement rate","Engagement rate","Followers","11.3k","295","Recent 
collabs","Find lookalikes","299","View profile","20","Save","8.8k","346","20","570","7","44","Recent","Recent","Recent","Recent","https://marketer.modash.io/api/images-proxy/059d6c69cebe90115e7949cd3aaef39bbcf494be","https://marketer.modash.io/api/images-proxy/851544d0f3ace72728efd67bb90a08254755a4f5","https://marketer.modash.io/api/images-proxy/fc175798af0299952adcc36ce5fc32d555199a41","https://marketer.modash.io/api/images-proxy/97a152d19d77bb277bb84840fdcb393dfcf50bd4","https://marketer.modash.io/api/images-proxy/b3bdd24cdd829164186609d17b3b9f25a7306362","https://images.od.modash.io/5774d7b769ad9117a9b1f2c20ec40ab253118044","https://images.od.modash.io/35675db755c617aea38b352d332bed03b7b498a0","https://images.od.modash.io/8dbd41814c92a5b7134e5c9a85d9a4c1ec0d5912","https://images.od.modash.io/93d8c20b8a188d99c408179b28e1b56c25fb3346"
